clip_id,true_class,p1_sim_l0,p1_sim_l1,p1_sim_l2,p1_sim_l3,p1_argmax,p2_sim_l0,p2_sim_l1,p2_sim_l2,p2_sim_l3,p2_argmax,p3_sim_l0,p3_sim_l1,p3_sim_l2,p3_sim_l3,p3_argmax
9289010118.avi,3,0.26172345876693726,0.2551305890083313,0.26222777366638184,0.2614770531654358,2,0.2710903584957123,0.30359163880348206,0.3150830864906311,0.24784961342811584,2,0.23726627230644226,0.2421758770942688,0.26843175292015076,0.2906968593597412,3
9403280234.avi,3,0.20059897005558014,0.2058658003807068,0.22830000519752502,0.22676295042037964,2,0.21177637577056885,0.2580844461917877,0.2523711323738098,0.22937071323394775,1,0.22195398807525635,0.20588456094264984,0.2546355724334717,0.239044189453125,2
907001480.mp4,1,0.24955689907073975,0.27007225155830383,0.2694165110588074,0.26227712631225586,1,0.2264001965522766,0.28740090131759644,0.28386688232421875,0.2565231919288635,1,0.21733124554157257,0.2739748954772949,0.2517279088497162,0.24606402218341827,1
5100401078.avi,2,0.22237733006477356,0.23483826220035553,0.23980680108070374,0.22033530473709106,2,0.205426424741745,0.2599424123764038,0.24032944440841675,0.22400446236133575,1,0.2189440131187439,0.25365909934043884,0.2248067557811737,0.20497238636016846,1
5100342048.avi,1,0.20899450778961182,0.2062096893787384,0.25300973653793335,0.20162299275398254,2,0.2187977284193039,0.2626371681690216,0.24068942666053772,0.20547060668468475,1,0.23542949557304382,0.24156087636947632,0.26151371002197266,0.20379304885864258,2
8264120275.avi,3,0.2405838668346405,0.23718851804733276,0.25013139843940735,0.22717556357383728,2,0.25466781854629517,0.2769721746444702,0.26251158118247986,0.23256811499595642,1,0.25032564997673035,0.2528443932533264,0.26729607582092285,0.22199746966362,2
5100471023.avi,2,0.22893640398979187,0.22710642218589783,0.2480190098285675,0.20631065964698792,2,0.22756053507328033,0.2565382719039917,0.2485905885696411,0.20580482482910156,1,0.20371709764003754,0.23227643966674805,0.22660668194293976,0.20428355038166046,1
5100462023.avi,2,0.15737546980381012,0.18945233523845673,0.19566203653812408,0.17510758340358734,2,0.1785171926021576,0.21087795495986938,0.21193023025989532,0.17449498176574707,2,0.17724967002868652,0.20670200884342194,0.22795632481575012,0.19090743362903595,2
5100462031.avi,2,0.14890477061271667,0.18012818694114685,0.19919414818286896,0.1735418736934662,2,0.16732509434223175,0.2051129788160324,0.20956023037433624,0.1675644963979721,2,0.17606313526630402,0.20257121324539185,0.22553333640098572,0.19448712468147278,2
5000951033.avi,2,0.19087296724319458,0.21306279301643372,0.22479160130023956,0.1939840316772461,2,0.19706207513809204,0.2394666224718094,0.22439514100551605,0.1830238252878189,1,0.20433005690574646,0.21348831057548523,0.22602702677249908,0.18576504290103912,2
5100401071.avi,2,0.21791504323482513,0.2315586805343628,0.23583322763442993,0.21413907408714294,2,0.21105602383613586,0.26734796166419983,0.2466374784708023,0.22562700510025024,1,0.22225910425186157,0.24975280463695526,0.22693708539009094,0.20855481922626495,1
907001560.mp4,2,0.251008540391922,0.25840887427330017,0.25934910774230957,0.248580664396286,2,0.23473811149597168,0.2757400870323181,0.27321815490722656,0.23823457956314087,1,0.22708134353160858,0.2749857008457184,0.25978171825408936,0.23827068507671356,1
5100472014.avi,2,0.217237651348114,0.21165230870246887,0.24341410398483276,0.2028810977935791,2,0.19330193102359772,0.24722066521644592,0.24125885963439941,0.19584058225154877,1,0.19532173871994019,0.23546701669692993,0.22158294916152954,0.19471488893032074,1
8264120266.avi,1,0.24512028694152832,0.2457697093486786,0.23964786529541016,0.22293967008590698,1,0.25035545229911804,0.27034619450569153,0.2503480911254883,0.22154366970062256,1,0.24804869294166565,0.2590612471103668,0.2554912865161896,0.23587526381015778,1
5000952036.avi,2,0.1861349642276764,0.20553265511989594,0.22150211036205292,0.18689104914665222,2,0.19713616371154785,0.24352912604808807,0.2197066992521286,0.18291503190994263,1,0.20307421684265137,0.21542327105998993,0.21936003863811493,0.17765751481056213,2
5100351002.avi,1,0.2145175039768219,0.2124667763710022,0.23638848960399628,0.22261236608028412,2,0.1941249668598175,0.24704556167125702,0.22475363314151764,0.2175273299217224,1,0.2189694046974182,0.2556551694869995,0.2613945007324219,0.20026591420173645,2
5000671042.avi,1,0.20693978667259216,0.22400206327438354,0.21981024742126465,0.201703280210495,1,0.20661848783493042,0.25593000650405884,0.2428337186574936,0.20833870768547058,1,0.19275879859924316,0.23112183809280396,0.21083970367908478,0.19517363607883453,1
5100422060.avi,2,0.19339025020599365,0.2227550446987152,0.22925662994384766,0.2120734453201294,2,0.18728017807006836,0.2357211410999298,0.24052980542182922,0.21672531962394714,2,0.19379305839538574,0.22758032381534576,0.22821727395057678,0.20619365572929382,2
5100381004.avi,2,0.21778377890586853,0.24358132481575012,0.2311996966600418,0.216000035405159,1,0.19574394822120667,0.2416730523109436,0.23017461597919464,0.215571328997612,1,0.21791844069957733,0.2562558054924011,0.22464242577552795,0.19513627886772156,1
5000442019.avi,2,0.20858485996723175,0.23728886246681213,0.23654401302337646,0.2196340262889862,1,0.2083275318145752,0.25249019265174866,0.25451260805130005,0.21196165680885315,2,0.22525560855865479,0.24677124619483948,0.24886369705200195,0.22435054183006287,2
5100462011.avi,3,0.16429169476032257,0.18896012008190155,0.19947701692581177,0.18486224114894867,2,0.1611303985118866,0.21266630291938782,0.21034762263298035,0.17890027165412903,1,0.17790362238883972,0.2161775827407837,0.2268611192703247,0.17956086993217468,2
5100452049.avi,3,0.21586830914020538,0.2146221101284027,0.25442561507225037,0.2255653738975525,2,0.19555354118347168,0.23803654313087463,0.234989732503891,0.20313751697540283,1,0.2089405357837677,0.24436046183109283,0.25616738200187683,0.21965241432189941,2
5100342036.avi,1,0.2392321079969406,0.22160422801971436,0.24276380240917206,0.23431222140789032,2,0.2456754893064499,0.27371543645858765,0.25281351804733276,0.24703790247440338,1,0.2716867923736572,0.2698096036911011,0.2906087636947632,0.22345712780952454,2
5100461007.avi,1,0.16620971262454987,0.19560755789279938,0.20088443160057068,0.1880216896533966,2,0.15206082165241241,0.19281525909900665,0.21201734244823456,0.17521192133426666,2,0.1669919639825821,0.21789300441741943,0.21899841725826263,0.177662193775177,2
9877360140.avi,3,0.25518903136253357,0.2641049027442932,0.2592487335205078,0.24283866584300995,1,0.2222501039505005,0.2781011164188385,0.2545892596244812,0.22970832884311676,1,0.2543429136276245,0.2619733214378357,0.27722081542015076,0.24776338040828705,2
5100462032.avi,2,0.15306314826011658,0.17943891882896423,0.19392558932304382,0.1772598922252655,2,0.16402585804462433,0.20404179394245148,0.20479148626327515,0.17083999514579773,2,0.1750417798757553,0.20659977197647095,0.22608475387096405,0.18408089876174927,2
5100401023.avi,1,0.2141779065132141,0.2310960590839386,0.2351323813199997,0.21413452923297882,2,0.20266729593276978,0.2611546516418457,0.2429163157939911,0.22374649345874786,1,0.21124206483364105,0.24497978389263153,0.2162645161151886,0.20276880264282227,1
5100351039.avi,3,0.21240803599357605,0.19862762093544006,0.23490871489048004,0.2058258056640625,2,0.2256152480840683,0.2622692286968231,0.23060983419418335,0.21885564923286438,1,0.24104145169258118,0.24168169498443604,0.2637277841567993,0.2012445330619812,2
5000671041.avi,1,0.20410966873168945,0.2249809056520462,0.2215190827846527,0.20070993900299072,1,0.21259666979312897,0.26182201504707336,0.2500486969947815,0.207325279712677,1,0.20144419372081757,0.22793635725975037,0.2228737622499466,0.20238077640533447,1
5100362028.avi,3,0.2208535075187683,0.21036693453788757,0.2459031343460083,0.21446412801742554,2,0.21086518466472626,0.25570324063301086,0.2503960430622101,0.20630207657814026,1,0.22427086532115936,0.23220115900039673,0.24271054565906525,0.23264344036579132,2
5100451041.avi,3,0.22459864616394043,0.22028246521949768,0.250552773475647,0.22175800800323486,2,0.21650400757789612,0.24798382818698883,0.24186250567436218,0.2053116112947464,1,0.2235528975725174,0.2499609887599945,0.2610616385936737,0.219712495803833,2
5100371024.avi,2,0.21433758735656738,0.21467310190200806,0.227292001247406,0.2053690254688263,2,0.19943122565746307,0.2512170076370239,0.24374523758888245,0.21325910091400146,1,0.2005724161863327,0.24466925859451294,0.21994750201702118,0.21107825636863708,1
8264120268.avi,3,0.23045721650123596,0.24111463129520416,0.241903156042099,0.2184297889471054,2,0.23223736882209778,0.2629536986351013,0.25320494174957275,0.23077240586280823,1,0.23104500770568848,0.2484118640422821,0.2466970980167389,0.21665111184120178,1
8264120231.avi,1,0.22926363348960876,0.23680926859378815,0.24263422191143036,0.21683594584465027,2,0.24105539917945862,0.26347941160202026,0.24465924501419067,0.2262382060289383,1,0.23939138650894165,0.2444845736026764,0.2466101497411728,0.21578361093997955,2
826412013.avi,1,0.22382523119449615,0.24732816219329834,0.23887521028518677,0.22071297466754913,1,0.2354264259338379,0.2578153610229492,0.24079251289367676,0.23296208679676056,1,0.24204909801483154,0.23516488075256348,0.25165003538131714,0.22808876633644104,2
5100462012.avi,2,0.1500709354877472,0.17791040241718292,0.18940985202789307,0.1716541200876236,2,0.16360589861869812,0.19923289120197296,0.19783464074134827,0.16505412757396698,1,0.16908013820648193,0.20328998565673828,0.22428511083126068,0.17696940898895264,2
5100452016.avi,1,0.22764013707637787,0.22316695749759674,0.253915399312973,0.22428883612155914,2,0.2037738561630249,0.24392488598823547,0.24567261338233948,0.20827160775661469,2,0.21297433972358704,0.24921196699142456,0.2532406747341156,0.22088921070098877,2
5100402001.avi,1,0.21786688268184662,0.22900830209255219,0.23884046077728271,0.21940693259239197,2,0.21176286041736603,0.26156920194625854,0.25151365995407104,0.2191835641860962,1,0.22705699503421783,0.2474658340215683,0.2459172010421753,0.21309462189674377,1
5000952083.avi,1,0.18352483212947845,0.20510415732860565,0.21892055869102478,0.18633893132209778,2,0.19003242254257202,0.22880315780639648,0.21725083887577057,0.17991632223129272,1,0.198293536901474,0.21080154180526733,0.2131386548280716,0.18576455116271973,2
8264120123.avi,1,0.2121264785528183,0.22694328427314758,0.2354414463043213,0.2014477550983429,2,0.17790985107421875,0.23500490188598633,0.22847336530685425,0.20020389556884766,1,0.20605358481407166,0.21566861867904663,0.2362150102853775,0.19012904167175293,2
8264120284.avi,1,0.24397969245910645,0.24749025702476501,0.23333145678043365,0.21842294931411743,1,0.24325931072235107,0.2681587338447571,0.24020278453826904,0.23138318955898285,1,0.25221261382102966,0.2583902180194855,0.254830002784729,0.21175643801689148,1
9289010115.avi,3,0.2501983940601349,0.23643611371517181,0.25088703632354736,0.2483849674463272,2,0.24578894674777985,0.29045724868774414,0.3065515458583832,0.23315411806106567,2,0.22416764497756958,0.22753497958183289,0.25656408071517944,0.27925169467926025,3
5100091069.avi,3,0.2180095911026001,0.22672589123249054,0.25992676615715027,0.22731444239616394,2,0.18788641691207886,0.23088234663009644,0.22496473789215088,0.2101646065711975,1,0.20929251611232758,0.2618703246116638,0.26011431217193604,0.20607516169548035,1
5100381017.avi,2,0.23442897200584412,0.2538966238498688,0.2359549105167389,0.22475287318229675,1,0.21231964230537415,0.24757175147533417,0.23464950919151306,0.22791790962219238,1,0.23427268862724304,0.27068641781806946,0.2385600507259369,0.2015121579170227,1
5100422041.avi,2,0.19565017521381378,0.21806713938713074,0.2343585193157196,0.21342577040195465,2,0.17773617804050446,0.2357235848903656,0.24136599898338318,0.21720358729362488,2,0.1917485147714615,0.2315901666879654,0.22614139318466187,0.19525422155857086,1
5100402020.avi,2,0.2071930468082428,0.22628727555274963,0.2274196743965149,0.2080291509628296,2,0.2094486951828003,0.26845914125442505,0.24586325883865356,0.2143634557723999,1,0.22402150928974152,0.23776860535144806,0.2364455759525299,0.21002081036567688,1
5000951067.avi,2,0.1928080916404724,0.21231983602046967,0.23543822765350342,0.20226997137069702,2,0.19437375664710999,0.24345019459724426,0.23080196976661682,0.193241685628891,1,0.19786572456359863,0.22463539242744446,0.2202581763267517,0.18105298280715942,1
5100091051.avi,2,0.2231207937002182,0.2163873314857483,0.25545334815979004,0.2226349413394928,2,0.20374982059001923,0.24519813060760498,0.22825777530670166,0.2087005078792572,1,0.22957372665405273,0.2587427496910095,0.263577938079834,0.21891681849956512,2
9289010274.avi,3,0.285978764295578,0.29730552434921265,0.2933359742164612,0.3039093613624573,3,0.2486121654510498,0.3113594055175781,0.32143694162368774,0.2822326123714447,2,0.2371346652507782,0.2806396782398224,0.28329628705978394,0.27544713020324707,2
5100091059.avi,2,0.2156115472316742,0.21305841207504272,0.25149911642074585,0.21503975987434387,2,0.19077855348587036,0.23250152170658112,0.2223293036222458,0.198760986328125,1,0.21313941478729248,0.2514110505580902,0.25372010469436646,0.21069149672985077,2
5100092057.avi,2,0.2306601107120514,0.23512974381446838,0.2523950934410095,0.23404568433761597,2,0.20866182446479797,0.24818529188632965,0.24787120521068573,0.22518451511859894,1,0.22083379328250885,0.2727314829826355,0.2580982744693756,0.2337557077407837,1
5000671057.avi,2,0.19453856348991394,0.22214993834495544,0.21724513173103333,0.19535474479198456,1,0.1961710900068283,0.2511049509048462,0.2402019500732422,0.20105278491973877,1,0.18470776081085205,0.22454778850078583,0.21345700323581696,0.19004622101783752,1
5100092071.avi,3,0.22666890919208527,0.22640901803970337,0.25325095653533936,0.22879274189472198,2,0.18363478779792786,0.22132641077041626,0.22849860787391663,0.2073214054107666,2,0.2012632191181183,0.25980696082115173,0.24390777945518494,0.21815328299999237,1
987736024.avi,2,0.27266865968704224,0.28580203652381897,0.28350239992141724,0.27250611782073975,1,0.22112828493118286,0.2892524003982544,0.2718377113342285,0.2585715651512146,1,0.2556663751602173,0.2755162715911865,0.27582481503486633,0.2516583502292633,2
9877360241.avi,3,0.25302377343177795,0.2634658217430115,0.26338744163513184,0.24437840282917023,1,0.22425615787506104,0.2798946797847748,0.2513580322265625,0.23046299815177917,1,0.25395429134368896,0.25696903467178345,0.273248553276062,0.2484673261642456,2
5100091049.avi,1,0.22762030363082886,0.22172510623931885,0.2586941123008728,0.22499240934848785,2,0.2028300166130066,0.2433517575263977,0.2326383739709854,0.20779213309288025,1,0.22436290979385376,0.2583000361919403,0.2598056197166443,0.2193947583436966,2
9877360143.avi,3,0.25902843475341797,0.2668811082839966,0.2688884437084198,0.25524693727493286,2,0.21986764669418335,0.28001853823661804,0.26024168729782104,0.24046367406845093,1,0.2604168653488159,0.2634669542312622,0.28150513768196106,0.2577615976333618,2
5000671033.avi,3,0.20051443576812744,0.2281731516122818,0.2293163239955902,0.20362503826618195,2,0.22236241400241852,0.2695589065551758,0.2504898011684418,0.21610736846923828,1,0.21277417242527008,0.2356494665145874,0.23755115270614624,0.20896029472351074,2
8264120120.avi,1,0.2053832709789276,0.2228989601135254,0.20971249043941498,0.1834927499294281,1,0.228460431098938,0.22066190838813782,0.20555543899536133,0.19978758692741394,0,0.22194084525108337,0.2018824815750122,0.21815139055252075,0.22630245983600616,3
8264120239.avi,1,0.22473570704460144,0.24112294614315033,0.24445858597755432,0.21933138370513916,2,0.2097138911485672,0.24888816475868225,0.23773148655891418,0.2131543606519699,1,0.2190963327884674,0.248772993683815,0.2524604797363281,0.20481421053409576,2
8264120211.avi,1,0.240436851978302,0.2595122456550598,0.2503318190574646,0.230293408036232,1,0.22590506076812744,0.2601020336151123,0.24194228649139404,0.2248842418193817,1,0.2332175374031067,0.2598569393157959,0.25633490085601807,0.22182254493236542,1
88265402200.mp4,3,0.2844081223011017,0.286965936422348,0.29388076066970825,0.28299006819725037,2,0.26578596234321594,0.3147794008255005,0.31826695799827576,0.2800648510456085,2,0.2689218819141388,0.29102033376693726,0.29263168573379517,0.2681393623352051,2
5000952046.avi,3,0.18141013383865356,0.19460338354110718,0.2154349982738495,0.18309541046619415,2,0.19619527459144592,0.2464316040277481,0.22480212152004242,0.1838097870349884,1,0.20134031772613525,0.21252530813217163,0.2190108746290207,0.18806153535842896,2
9877360120.avi,1,0.26018041372299194,0.27621883153915405,0.2654501795768738,0.2509125769138336,1,0.2322559356689453,0.292161226272583,0.2635275721549988,0.24450933933258057,1,0.2627181112766266,0.2635701894760132,0.27766674757003784,0.2510632872581482,2
9289010152.avi,1,0.24479372799396515,0.25249993801116943,0.25256240367889404,0.24915647506713867,2,0.2442702203989029,0.2756303548812866,0.2930856943130493,0.22095569968223572,2,0.20307449996471405,0.22850286960601807,0.23879587650299072,0.24339115619659424,3
5000671005.avi,2,0.20046654343605042,0.22609764337539673,0.2265104204416275,0.2102956771850586,2,0.19821879267692566,0.2509300112724304,0.25069981813430786,0.21025614440441132,1,0.20133918523788452,0.233050137758255,0.22892051935195923,0.19565659761428833,1
88265402340.mp4,2,0.27108532190322876,0.2810293436050415,0.28249067068099976,0.2674182057380676,2,0.2458784580230713,0.29121190309524536,0.29363423585891724,0.2632613778114319,2,0.2488347887992859,0.27315711975097656,0.26670730113983154,0.25487658381462097,1
9403280229.avi,3,0.24198395013809204,0.24335187673568726,0.2709384560585022,0.2612840533256531,2,0.20043224096298218,0.27365273237228394,0.27686673402786255,0.24308311939239502,2,0.207967609167099,0.2400929182767868,0.2558101415634155,0.22529834508895874,2
5000441024.avi,1,0.20104652643203735,0.24543368816375732,0.23203244805335999,0.21477974951267242,1,0.19698409736156464,0.24043633043766022,0.24298310279846191,0.1944277286529541,2,0.20257976651191711,0.23763680458068848,0.22971972823143005,0.2090679258108139,1
5100341028.avi,2,0.1986943483352661,0.20205368101596832,0.24373595416545868,0.19681642949581146,2,0.19017565250396729,0.2383403480052948,0.22331729531288147,0.18789905309677124,1,0.21502849459648132,0.22860866785049438,0.2444215714931488,0.19410067796707153,2
5000671048.avi,1,0.2093391865491867,0.2360764592885971,0.23037439584732056,0.2100895792245865,1,0.22040531039237976,0.2730233669281006,0.2605397403240204,0.2212790548801422,1,0.21164590120315552,0.2386053502559662,0.23699668049812317,0.21382535994052887,1
5000672013.avi,3,0.20547492802143097,0.22927972674369812,0.2328612208366394,0.2103901356458664,2,0.18923085927963257,0.24858009815216064,0.2433975338935852,0.1968560814857483,1,0.18301811814308167,0.2376086413860321,0.22229202091693878,0.18814879655838013,1
5100382003.avi,3,0.21880783140659332,0.24177619814872742,0.22919827699661255,0.21195778250694275,1,0.2043151557445526,0.2384345978498459,0.2258061319589615,0.21280214190483093,1,0.21892106533050537,0.25331050157546997,0.22285744547843933,0.1963573396205902,1
5100381002.avi,3,0.2394213080406189,0.2543887794017792,0.24857574701309204,0.24758285284042358,1,0.24016577005386353,0.2731558382511139,0.2623414993286133,0.26091787219047546,1,0.27800115942955017,0.28610679507255554,0.27582061290740967,0.242680162191391,1
5100382013.avi,3,0.23643790185451508,0.2545730471611023,0.24227392673492432,0.22859743237495422,1,0.2143745869398117,0.25413089990615845,0.24296526610851288,0.229300856590271,1,0.23440447449684143,0.2711605429649353,0.24253112077713013,0.20983582735061646,1
5000671030.avi,3,0.21056120097637177,0.22611291706562042,0.2217625230550766,0.201862633228302,1,0.24969352781772614,0.269550085067749,0.2510979175567627,0.21943506598472595,1,0.2374516725540161,0.23947666585445404,0.2566215991973877,0.22452467679977417,2
5000442054.avi,3,0.1986604928970337,0.2353021204471588,0.23764221370220184,0.21725580096244812,2,0.1911294162273407,0.24614980816841125,0.24533256888389587,0.20732209086418152,1,0.2077782303094864,0.23162734508514404,0.23347905278205872,0.21481218934059143,2
8264120139.avi,3,0.22036346793174744,0.24584195017814636,0.23096224665641785,0.211493119597435,1,0.20055288076400757,0.24061137437820435,0.22154203057289124,0.19306740164756775,1,0.22091883420944214,0.2373301386833191,0.2529575228691101,0.1992429941892624,2
826412019.avi,2,0.19088280200958252,0.2159772515296936,0.22339792549610138,0.1901884377002716,2,0.20557785034179688,0.23718520998954773,0.21741367876529694,0.19701464474201202,1,0.2143326699733734,0.20468324422836304,0.23497700691223145,0.19873729348182678,2
5100461064.avi,3,0.18502959609031677,0.20318220555782318,0.21144932508468628,0.1996833235025406,2,0.18264392018318176,0.21845996379852295,0.21718823909759521,0.192603200674057,1,0.18093973398208618,0.22354400157928467,0.2319059818983078,0.1760217249393463,2
9877360215.avi,3,0.2679021656513214,0.2768304646015167,0.2776685357093811,0.264121949672699,2,0.2205074429512024,0.27936261892318726,0.2637544870376587,0.24793335795402527,1,0.25853002071380615,0.2693653404712677,0.2787376642227173,0.2600581645965576,2
9289010269.avi,3,0.21843771636486053,0.23568585515022278,0.23216116428375244,0.23528599739074707,1,0.21361437439918518,0.25980186462402344,0.27979108691215515,0.2233148217201233,2,0.21640519797801971,0.22728049755096436,0.25442129373550415,0.2585485577583313,3
5000441058.avi,1,0.22706711292266846,0.2473253458738327,0.24259084463119507,0.23468677699565887,1,0.21686553955078125,0.25480085611343384,0.25767847895622253,0.22402775287628174,2,0.23661145567893982,0.2583902180194855,0.2530789375305176,0.2319013476371765,1
5100422046.avi,3,0.18798822164535522,0.21173670887947083,0.22722628712654114,0.20674660801887512,2,0.18285807967185974,0.2354091852903366,0.23735789954662323,0.21330401301383972,2,0.20012275874614716,0.2290952205657959,0.23355922102928162,0.20167291164398193,2
5000671020.avi,2,0.19637137651443481,0.2170335203409195,0.2184610515832901,0.19966992735862732,2,0.21800066530704498,0.25300198793411255,0.24678876996040344,0.20863616466522217,1,0.22041046619415283,0.23221853375434875,0.24434244632720947,0.20988883078098297,2
5100341061.avi,2,0.20386460423469543,0.2098769098520279,0.24596162140369415,0.2004920393228531,2,0.182646244764328,0.24093998968601227,0.22898879647254944,0.1930162012577057,1,0.19936412572860718,0.230636328458786,0.22960881888866425,0.18425841629505157,1
5000671058.avi,1,0.18559202551841736,0.2140163779258728,0.215017631649971,0.19085755944252014,2,0.20965151488780975,0.25455719232559204,0.24027320742607117,0.1994379609823227,1,0.21158547699451447,0.2235066145658493,0.2359335571527481,0.2050618976354599,2
5000441067.avi,1,0.2030133754014969,0.22904230654239655,0.23700417578220367,0.22114485502243042,2,0.20474939048290253,0.25604018568992615,0.24729499220848083,0.20928767323493958,1,0.22650429606437683,0.24192877113819122,0.24736155569553375,0.22025924921035767,2
9070011060.mp4,3,0.2799055576324463,0.2757810950279236,0.2832963466644287,0.26771217584609985,2,0.25306281447410583,0.2845859229564667,0.2831686735153198,0.262654572725296,1,0.2579980790615082,0.28471508622169495,0.2716354727745056,0.2527845501899719,1
5000951039.avi,2,0.18627789616584778,0.20495998859405518,0.22482648491859436,0.19114679098129272,2,0.2017202079296112,0.2456549108028412,0.22567185759544373,0.19372430443763733,1,0.2100437879562378,0.21865573525428772,0.23231977224349976,0.19003604352474213,2
5100381003.avi,3,0.20882292091846466,0.24059072136878967,0.23316694796085358,0.2153223603963852,1,0.2152995616197586,0.25172609090805054,0.2438107132911682,0.22150197625160217,1,0.23351293802261353,0.2509496808052063,0.24953651428222656,0.2268615961074829,1
907001670.mp4,3,0.2482919842004776,0.2543981671333313,0.25796791911125183,0.2514127492904663,2,0.23965196311473846,0.29570335149765015,0.29160889983177185,0.24245843291282654,1,0.23236492276191711,0.27412867546081543,0.2528932988643646,0.24921682476997375,1
9403280271.avi,1,0.18836477398872375,0.19175897538661957,0.22593757510185242,0.21907642483711243,2,0.20385953783988953,0.23903220891952515,0.23946991562843323,0.22375449538230896,2,0.210087850689888,0.20136713981628418,0.24761265516281128,0.23070049285888672,2
9877360270.avi,1,0.2699993848800659,0.2742399573326111,0.2885727286338806,0.2625744342803955,2,0.24006441235542297,0.3001926839351654,0.2765648663043976,0.255632221698761,1,0.2635236978530884,0.2602233290672302,0.28941816091537476,0.252986878156662,2
5100402024.avi,3,0.225030779838562,0.23845823109149933,0.23999778926372528,0.22106316685676575,2,0.22193628549575806,0.2718513309955597,0.24981485307216644,0.2265404760837555,1,0.23565369844436646,0.2502792477607727,0.2397366613149643,0.20858880877494812,1
5100402063.avi,1,0.22291964292526245,0.23420311510562897,0.23435169458389282,0.21748533844947815,2,0.21337027847766876,0.272455096244812,0.2517293691635132,0.22656872868537903,1,0.2168048620223999,0.2444128543138504,0.21985775232315063,0.19892312586307526,1
8264120232.avi,2,0.21605193614959717,0.23001372814178467,0.2307284027338028,0.21138235926628113,2,0.22036218643188477,0.24591423571109772,0.23248527944087982,0.21540376543998718,1,0.23019535839557648,0.23918086290359497,0.25168007612228394,0.20276609063148499,2
5100342024.avi,1,0.2606605291366577,0.24459800124168396,0.26979732513427734,0.2579006552696228,2,0.2768712043762207,0.2759740650653839,0.2982211709022522,0.27434301376342773,2,0.2799215018749237,0.2627411186695099,0.3013635575771332,0.2800268530845642,2
928901014.avi,1,0.2546326518058777,0.2549789547920227,0.25814133882522583,0.2609579861164093,3,0.2492055594921112,0.2896001935005188,0.315332293510437,0.25364774465560913,2,0.21025100350379944,0.2303468883037567,0.25202494859695435,0.28244784474372864,3
88265402230.mp4,2,0.26896530389785767,0.277523934841156,0.2796025276184082,0.26631179451942444,2,0.24833396077156067,0.2972482740879059,0.29730671644210815,0.2596799433231354,2,0.24723201990127563,0.27464863657951355,0.2677781581878662,0.2530997097492218,1
5000441021.avi,3,0.20201757550239563,0.23983708024024963,0.23170828819274902,0.21707293391227722,1,0.2127683460712433,0.2505796551704407,0.24716496467590332,0.20736657083034515,1,0.22709347307682037,0.24105216562747955,0.24477097392082214,0.2238830178976059,2
5100092008.avi,3,0.22461356222629547,0.231460839509964,0.25719720125198364,0.23370057344436646,2,0.1862790286540985,0.22838862240314484,0.23467950522899628,0.21474194526672363,2,0.20905187726020813,0.2672218084335327,0.2528974413871765,0.22391048073768616,1
5000441051.avi,2,0.21751192212104797,0.24284648895263672,0.24481254816055298,0.23159781098365784,2,0.20967862010002136,0.25413379073143005,0.25316476821899414,0.2211882770061493,1,0.23330338299274445,0.24767905473709106,0.251460999250412,0.2309744656085968,2
5000672077.avi,2,0.19799377024173737,0.22302788496017456,0.23319002985954285,0.21701103448867798,2,0.19989259541034698,0.25067904591560364,0.25298431515693665,0.22158139944076538,2,0.19590499997138977,0.23932811617851257,0.23980261385440826,0.22080962359905243,2
5100352030.avi,3,0.20626458525657654,0.18872323632240295,0.23092931509017944,0.19855725765228271,2,0.2194003462791443,0.2504499554634094,0.22591711580753326,0.20960569381713867,1,0.224660262465477,0.2262573391199112,0.2542784810066223,0.20871081948280334,2
9877360258.avi,2,0.2406134456396103,0.25578203797340393,0.26186603307724,0.24080482125282288,2,0.23398157954216003,0.2921532392501831,0.25820890069007874,0.23939719796180725,1,0.26512622833251953,0.25625109672546387,0.28296077251434326,0.2596457600593567,2
5100462053.avi,3,0.1612207591533661,0.18344958126544952,0.19315701723098755,0.18073540925979614,2,0.15083999931812286,0.19925668835639954,0.20564526319503784,0.16901199519634247,2,0.16440923511981964,0.203961580991745,0.2144412100315094,0.17005997896194458,2
90700170.mp4,3,0.24917608499526978,0.26553061604499817,0.26637810468673706,0.25460338592529297,2,0.23455406725406647,0.27954089641571045,0.28202301263809204,0.2572811543941498,2,0.22434867918491364,0.27241450548171997,0.25457507371902466,0.25169485807418823,1
5100092067.avi,3,0.23288705945014954,0.2366102635860443,0.259557843208313,0.24159547686576843,2,0.19135290384292603,0.23163627088069916,0.24277150630950928,0.21987147629261017,2,0.20292028784751892,0.2704273462295532,0.2476714849472046,0.22568365931510925,1
5100422006.avi,3,0.19193390011787415,0.21027570962905884,0.2215578258037567,0.2023639976978302,2,0.18497568368911743,0.23765525221824646,0.24607005715370178,0.21786244213581085,2,0.18144464492797852,0.21632631123065948,0.21056361496448517,0.20153939723968506,1
88265402900.mp4,3,0.2464432269334793,0.27141430974006653,0.264972060918808,0.2511519193649292,1,0.23088425397872925,0.2754652500152588,0.28087547421455383,0.24528621137142181,2,0.22735488414764404,0.25852423906326294,0.2561764121055603,0.2500680685043335,1
8264120279.avi,1,0.21496903896331787,0.2219378650188446,0.22848770022392273,0.20856717228889465,2,0.21167965233325958,0.2491728812456131,0.2244400680065155,0.20718435943126678,1,0.22250792384147644,0.23781593143939972,0.23008938133716583,0.19148072600364685,1
5100451049.avi,3,0.22860819101333618,0.22300782799720764,0.25448116660118103,0.22532497346401215,2,0.2207062542438507,0.25191646814346313,0.24654506146907806,0.2060386836528778,1,0.22567366063594818,0.250067800283432,0.2605537176132202,0.22126924991607666,2
9877360172.avi,1,0.24525806307792664,0.26591774821281433,0.26135799288749695,0.24815548956394196,1,0.22226916253566742,0.27327173948287964,0.2616935670375824,0.2357209324836731,1,0.2429075539112091,0.2712166905403137,0.2746639847755432,0.23569990694522858,2
5100351022.avi,0,0.22280152142047882,0.21141645312309265,0.23790445923805237,0.2235194444656372,2,0.20332524180412292,0.2544717788696289,0.2275441735982895,0.21507856249809265,1,0.22402317821979523,0.25468847155570984,0.2599887251853943,0.2007935643196106,2
9403280251.avi,2,0.2040165513753891,0.19949162006378174,0.2239535003900528,0.21661481261253357,2,0.2062731385231018,0.2541673183441162,0.2471969574689865,0.21872201561927795,1,0.21922552585601807,0.2049638330936432,0.24586664140224457,0.21731975674629211,2
9877360157.avi,1,0.254097044467926,0.2600194811820984,0.26405230164527893,0.24787801504135132,2,0.22563450038433075,0.28123655915260315,0.26373720169067383,0.2343546450138092,1,0.25889790058135986,0.2598464787006378,0.2794237732887268,0.2568279504776001,2
5100462071.avi,2,0.15172284841537476,0.18555070459842682,0.20526984333992004,0.18123632669448853,2,0.16818946599960327,0.20209702849388123,0.20190612971782684,0.16850066184997559,1,0.188073068857193,0.2197120487689972,0.25002625584602356,0.17985695600509644,2
9289010145.avi,1,0.2730502486228943,0.26085805892944336,0.27292731404304504,0.2738390564918518,3,0.26483777165412903,0.3059908151626587,0.3210206627845764,0.26780256628990173,2,0.21927180886268616,0.24647074937820435,0.2501705288887024,0.28556370735168457,3
5100401034.avi,1,0.2117224633693695,0.2270490676164627,0.23819737136363983,0.21139408648014069,2,0.20882092416286469,0.2703896760940552,0.24462436139583588,0.21838118135929108,1,0.23696397244930267,0.24940025806427002,0.24714785814285278,0.2215859293937683,1
5100422071.avi,3,0.19849532842636108,0.22604763507843018,0.23597243428230286,0.22034808993339539,2,0.1889936327934265,0.24094919860363007,0.2442317008972168,0.22119778394699097,2,0.20210415124893188,0.23805320262908936,0.2384604513645172,0.2041856050491333,2
8264120269.avi,1,0.2339252233505249,0.2340293824672699,0.2409602403640747,0.21412716805934906,2,0.25569480657577515,0.26169553399086,0.24899980425834656,0.2296990007162094,1,0.23873424530029297,0.24424923956394196,0.24512244760990143,0.23369042575359344,2
5000671050.avi,2,0.2245502918958664,0.248259037733078,0.2426358461380005,0.2164578139781952,1,0.24127225577831268,0.2822752296924591,0.2599559426307678,0.2291201800107956,1,0.219731867313385,0.24293553829193115,0.24668574333190918,0.22382621467113495,2
8264120169.avi,1,0.2602478265762329,0.26137179136276245,0.2324448674917221,0.21222208440303802,1,0.26186761260032654,0.2619384527206421,0.230096697807312,0.21877720952033997,1,0.2510632276535034,0.2612746059894562,0.24308063089847565,0.20560027658939362,1
5100461057.avi,2,0.1606234908103943,0.19012939929962158,0.1904371976852417,0.17945630848407745,2,0.1622443050146103,0.19417256116867065,0.20782387256622314,0.1730467975139618,2,0.16948288679122925,0.2121976613998413,0.22059443593025208,0.1780208945274353,2
5100401026.avi,3,0.2190798968076706,0.23312626779079437,0.24065914750099182,0.21648310124874115,2,0.20450247824192047,0.26615989208221436,0.2516370415687561,0.22691860795021057,1,0.2184758335351944,0.2488955557346344,0.22388142347335815,0.2011573314666748,1
5100352031.avi,3,0.2209041714668274,0.19970867037773132,0.2391079068183899,0.21237947046756744,2,0.2260623723268509,0.2570505738258362,0.23544996976852417,0.21631215512752533,1,0.23156557977199554,0.23965927958488464,0.2604713439941406,0.20929540693759918,2
8264120254.avi,1,0.21180622279644012,0.22872191667556763,0.23340579867362976,0.20752578973770142,2,0.2107270359992981,0.24649037420749664,0.2265143245458603,0.2069620043039322,1,0.21903830766677856,0.2319139987230301,0.23803648352622986,0.20313796401023865,2
88265402880.mp4,2,0.2584225535392761,0.274387001991272,0.2741822898387909,0.25949370861053467,1,0.23906075954437256,0.2882457971572876,0.29025405645370483,0.2548443078994751,2,0.23430058360099792,0.26713770627975464,0.2592131495475769,0.2556277811527252,1
5000672012.avi,2,0.21412557363510132,0.23374870419502258,0.24397090077400208,0.21663962304592133,2,0.1898510605096817,0.25157982110977173,0.24447041749954224,0.19991907477378845,1,0.1894296258687973,0.24701447784900665,0.2299777865409851,0.1871756762266159,1
5000951047.avi,2,0.2012530118227005,0.22123850882053375,0.23943054676055908,0.21060949563980103,2,0.2084689438343048,0.2589709758758545,0.2402404248714447,0.20646816492080688,1,0.21031665802001953,0.23536796867847443,0.2371237874031067,0.19400471448898315,2
5100422073.avi,2,0.1942090392112732,0.21946415305137634,0.23033088445663452,0.21592465043067932,2,0.1898285448551178,0.2385912537574768,0.24280968308448792,0.22015421092510223,2,0.20036868751049042,0.2332078218460083,0.23673540353775024,0.20508268475532532,2
9877360185.avi,2,0.2234756350517273,0.2394128292798996,0.23875120282173157,0.23497839272022247,1,0.21379134058952332,0.2670224606990814,0.24662739038467407,0.22642260789871216,1,0.250803142786026,0.25769537687301636,0.2804204821586609,0.24794268608093262,2
5100372011.avi,3,0.21380949020385742,0.21031013131141663,0.22409409284591675,0.1998160481452942,2,0.1927640736103058,0.24009835720062256,0.23437032103538513,0.20357486605644226,1,0.20023846626281738,0.23649197816848755,0.21960647404193878,0.2047336846590042,1
9877360127.avi,2,0.2519047260284424,0.2575106620788574,0.25780102610588074,0.24325411021709442,2,0.22798660397529602,0.28067901730537415,0.2629351317882538,0.23413553833961487,1,0.2510731518268585,0.2604382634162903,0.2708781361579895,0.25082191824913025,2
5100472021.avi,3,0.23402254283428192,0.22437343001365662,0.25393959879875183,0.21517004072666168,2,0.2433399111032486,0.2684101462364197,0.26936107873916626,0.21768192946910858,2,0.21481549739837646,0.24075466394424438,0.2404337078332901,0.21783208847045898,1
5100451027.avi,3,0.23766730725765228,0.2321949452161789,0.2635590434074402,0.23340429365634918,2,0.20277012884616852,0.24156306684017181,0.2466842085123062,0.20941859483718872,2,0.20296622812747955,0.2535473108291626,0.24206750094890594,0.20817667245864868,1
8264120240.avi,0,0.24180957674980164,0.24913901090621948,0.2426157295703888,0.22799000144004822,1,0.23492029309272766,0.26046544313430786,0.24682603776454926,0.23333564400672913,1,0.24383984506130219,0.268186092376709,0.2651798129081726,0.21250532567501068,1
5000951027.avi,1,0.18959787487983704,0.21504369378089905,0.22487996518611908,0.19643333554267883,2,0.17887574434280396,0.21860472857952118,0.20965200662612915,0.17380493879318237,1,0.1964135617017746,0.2171853631734848,0.21782433986663818,0.17749372124671936,2
5100402015.avi,2,0.21906867623329163,0.231093168258667,0.2376779317855835,0.22110046446323395,2,0.19502639770507812,0.2562994658946991,0.23777049779891968,0.21392910182476044,1,0.2151617556810379,0.24621883034706116,0.22683483362197876,0.19866979122161865,1
9403280246.avi,3,0.23371875286102295,0.24663087725639343,0.24946758151054382,0.2486826330423355,2,0.2113308608531952,0.2616981267929077,0.26836973428726196,0.23804408311843872,2,0.2050570249557495,0.22671091556549072,0.24943026900291443,0.21679864823818207,2
9289010114.avi,1,0.25887924432754517,0.25924116373062134,0.2658858001232147,0.26117128133773804,2,0.26336318254470825,0.30065736174583435,0.3122757077217102,0.24403750896453857,2,0.23437383770942688,0.24331924319267273,0.26878491044044495,0.27955350279808044,3
5100351042.avi,1,0.2210373878479004,0.20878508687019348,0.24576213955879211,0.21730594336986542,2,0.21441635489463806,0.2624516487121582,0.2413082718849182,0.2169412225484848,1,0.2209276556968689,0.24639755487442017,0.25179851055145264,0.20029455423355103,2
5000671038.avi,2,0.20426970720291138,0.22962155938148499,0.2285931259393692,0.20971748232841492,1,0.21459554135799408,0.26973462104797363,0.25735101103782654,0.22030586004257202,1,0.20888808369636536,0.23593084514141083,0.2364042103290558,0.20836272835731506,2
88265401660.mp4,3,0.2546674609184265,0.24205200374126434,0.24995332956314087,0.23594695329666138,0,0.24063950777053833,0.2700226306915283,0.26968222856521606,0.22722917795181274,1,0.2355821579694748,0.24307414889335632,0.24651478230953217,0.23917342722415924,2
907001310.mp4,3,0.24313613772392273,0.2590886950492859,0.26830407977104187,0.25513219833374023,2,0.21500277519226074,0.2645171284675598,0.2721365690231323,0.24177587032318115,2,0.20867937803268433,0.26487213373184204,0.24814189970493317,0.2341369241476059,1
5100452023.avi,2,0.22471101582050323,0.2229529768228531,0.2571156322956085,0.22506240010261536,2,0.19503140449523926,0.2429114282131195,0.2431083768606186,0.20346759259700775,2,0.2003781795501709,0.24196407198905945,0.24427971243858337,0.2103036344051361,2
8264120127.avi,1,0.19478213787078857,0.2227463722229004,0.22540374100208282,0.1917266845703125,2,0.19203835725784302,0.23142576217651367,0.2150244563817978,0.19911432266235352,1,0.21475110948085785,0.21726593375205994,0.23753604292869568,0.19705389440059662,2
8264120263.avi,1,0.2344113290309906,0.2352907359600067,0.23394156992435455,0.21052449941635132,1,0.24868911504745483,0.2593059539794922,0.24855728447437286,0.21149155497550964,1,0.23123475909233093,0.24551764130592346,0.2460603415966034,0.21791696548461914,2
5100471012.avi,2,0.22531455755233765,0.2197738140821457,0.25079694390296936,0.20698057115077972,2,0.20411181449890137,0.25365668535232544,0.24841050803661346,0.20099873840808868,1,0.20063309371471405,0.23271632194519043,0.2262669801712036,0.1987898349761963,1
5100091012.avi,2,0.21463701128959656,0.21611061692237854,0.25067585706710815,0.2155066728591919,2,0.18770965933799744,0.2349766492843628,0.22271785140037537,0.1954234391450882,1,0.20987561345100403,0.24981218576431274,0.24757841229438782,0.20531359314918518,1
5000442015.avi,2,0.22813162207603455,0.2506353557109833,0.2481694221496582,0.23449358344078064,1,0.2189035713672638,0.2586538791656494,0.2580941915512085,0.2179166078567505,1,0.24084234237670898,0.26247459650039673,0.26200535893440247,0.23022373020648956,1
5100381037.avi,2,0.24511198699474335,0.2624950408935547,0.24217931926250458,0.23142170906066895,1,0.23829297721385956,0.27061212062835693,0.24813613295555115,0.24278157949447632,1,0.25060251355171204,0.27812492847442627,0.2503255605697632,0.21172386407852173,1
5100091025.avi,2,0.20669695734977722,0.20602843165397644,0.23981156945228577,0.2156461477279663,2,0.2001558095216751,0.23658306896686554,0.21671707928180695,0.2084694504737854,1,0.22803616523742676,0.25277259945869446,0.2653765082359314,0.22560715675354004,2
5100092040.avi,3,0.2295900285243988,0.22606772184371948,0.2511134147644043,0.23360607028007507,2,0.22137261927127838,0.24810391664505005,0.24946825206279755,0.2359967827796936,2,0.24961715936660767,0.28063809871673584,0.2923283576965332,0.2619589567184448,2
5000952015.avi,3,0.19393780827522278,0.21685902774333954,0.2396763265132904,0.20730222761631012,2,0.2040427178144455,0.2544747591018677,0.23461847007274628,0.19974981248378754,1,0.20009095966815948,0.23429632186889648,0.22749435901641846,0.18499259650707245,1
5100351004.avi,2,0.18747065961360931,0.187261164188385,0.2172793447971344,0.1924808919429779,2,0.22019191086292267,0.2562589645385742,0.2141539305448532,0.21051664650440216,1,0.23751240968704224,0.23504593968391418,0.26495257019996643,0.19880177080631256,2
5100471045.avi,2,0.22823506593704224,0.22037097811698914,0.24797146022319794,0.21205145120620728,2,0.20930996537208557,0.25168153643608093,0.24382664263248444,0.20525352656841278,1,0.19778497517108917,0.2382126748561859,0.2167360484600067,0.1958259642124176,1
5100382011.avi,3,0.22724607586860657,0.2501446008682251,0.23125417530536652,0.21295109391212463,1,0.20990274846553802,0.25137656927108765,0.23192039132118225,0.22821781039237976,1,0.23084551095962524,0.2616060972213745,0.22790224850177765,0.19955988228321075,1
8264120136.avi,2,0.20799776911735535,0.24622410535812378,0.23066848516464233,0.213583305478096,1,0.1870861053466797,0.23596084117889404,0.22720317542552948,0.20126253366470337,1,0.20827223360538483,0.22578458487987518,0.23872068524360657,0.20611998438835144,2
9403280241.avi,3,0.20471316576004028,0.2095351219177246,0.237326517701149,0.23560446500778198,2,0.20192913711071014,0.22928771376609802,0.2513540983200073,0.2264162003993988,2,0.19715766608715057,0.2026168406009674,0.2353757917881012,0.23109592497348785,2
5100471069.avi,3,0.21614664793014526,0.20876792073249817,0.24526908993721008,0.20400959253311157,2,0.19590696692466736,0.23628899455070496,0.2323974072933197,0.18651703000068665,1,0.19782492518424988,0.2317546308040619,0.2274101823568344,0.19423571228981018,1
5000672019.avi,3,0.19948764145374298,0.22519409656524658,0.22752606868743896,0.20338550209999084,2,0.20245803892612457,0.25757884979248047,0.2523910403251648,0.2075498402118683,1,0.1929565966129303,0.23516523838043213,0.22717052698135376,0.19833387434482574,1
5000952038.avi,3,0.1838749200105667,0.19839581847190857,0.21735504269599915,0.1850186288356781,2,0.19419804215431213,0.24275703728199005,0.22389325499534607,0.1822390854358673,1,0.2016935646533966,0.21173346042633057,0.21851056814193726,0.18933454155921936,2
5100351010.avi,2,0.21521896123886108,0.20762889087200165,0.24237480759620667,0.22216835618019104,2,0.19815142452716827,0.24557887017726898,0.22120872139930725,0.21168948709964752,1,0.2201170027256012,0.24810567498207092,0.25528663396835327,0.19864429533481598,2
5000951024.avi,1,0.20207136869430542,0.22133153676986694,0.22676819562911987,0.20078426599502563,2,0.22450441122055054,0.2442627102136612,0.23015880584716797,0.19645962119102478,1,0.2250756025314331,0.2279663234949112,0.2370624542236328,0.19204361736774445,2
5100472001.avi,1,0.23917940258979797,0.22981728613376617,0.2512619197368622,0.21423503756523132,2,0.24403038620948792,0.2610142230987549,0.26771625876426697,0.2168179750442505,2,0.21947787702083588,0.2453332245349884,0.24365299940109253,0.22570890188217163,1
5000952062.avi,1,0.1660306602716446,0.1845526397228241,0.20210255682468414,0.1709212064743042,2,0.19463421404361725,0.23241622745990753,0.20426881313323975,0.16801440715789795,1,0.19754494726657867,0.20310914516448975,0.21920031309127808,0.181869775056839,2
5100361056.avi,2,0.22038793563842773,0.2085174024105072,0.25111228227615356,0.21588459610939026,2,0.19444236159324646,0.23939473927021027,0.24058955907821655,0.19196003675460815,2,0.21073129773139954,0.23115146160125732,0.24187926948070526,0.22744493186473846,2
5000952077.avi,2,0.18144379556179047,0.1962309628725052,0.2199791967868805,0.18574337661266327,2,0.20137527585029602,0.24445798993110657,0.2231849879026413,0.18355807662010193,1,0.20532989501953125,0.21600645780563354,0.22278271615505219,0.18808019161224365,2
5100401065.avi,1,0.21541371941566467,0.2321212887763977,0.23369434475898743,0.217277392745018,2,0.213690847158432,0.26523441076278687,0.23946231603622437,0.22649326920509338,1,0.23071280121803284,0.2503611445426941,0.235978364944458,0.21609917283058167,1
9403280260.avi,3,0.18121349811553955,0.18205678462982178,0.21891219913959503,0.2089337259531021,2,0.19185024499893188,0.23184682428836823,0.2366768717765808,0.21336346864700317,2,0.20323315262794495,0.19685378670692444,0.24040278792381287,0.22257348895072937,2
5100471080.avi,2,0.2181272804737091,0.20362593233585358,0.24324631690979004,0.20473015308380127,2,0.19704121351242065,0.23215356469154358,0.22664377093315125,0.18814601004123688,1,0.1973312795162201,0.23387986421585083,0.22937218844890594,0.19341391324996948,1
5100342008.avi,2,0.22090938687324524,0.21589761972427368,0.2449086308479309,0.2241886854171753,2,0.21593131124973297,0.2617270052433014,0.24597176909446716,0.22853592038154602,1,0.24878893792629242,0.25786495208740234,0.27175700664520264,0.21574074029922485,2
5100381054.avi,2,0.22667986154556274,0.24698464572429657,0.23125718533992767,0.2191978245973587,1,0.21242831647396088,0.24765163660049438,0.23263728618621826,0.22472122311592102,1,0.22325469553470612,0.2595558166503906,0.22788509726524353,0.1976216733455658,1
9289010210.avi,3,0.252246230840683,0.25862985849380493,0.2611004710197449,0.2633538246154785,3,0.24225880205631256,0.2987326383590698,0.3151513338088989,0.2444619983434677,2,0.22288858890533447,0.2463696002960205,0.26009562611579895,0.27862223982810974,3
5100462045.avi,2,0.16910487413406372,0.1937047243118286,0.19875779747962952,0.18722890317440033,2,0.15958568453788757,0.20843085646629333,0.21106073260307312,0.17175500094890594,2,0.17248296737670898,0.21523715555667877,0.22033186256885529,0.1786508709192276,2
9289010276.avi,1,0.27767616510391235,0.29338473081588745,0.2862432301044464,0.29254478216171265,1,0.24000628292560577,0.305603563785553,0.3135753571987152,0.272786021232605,2,0.2271375060081482,0.27471083402633667,0.27477818727493286,0.28752368688583374,3
9877360234.avi,3,0.24291479587554932,0.26340025663375854,0.25862663984298706,0.23976734280586243,1,0.2229691445827484,0.2820259928703308,0.2508741617202759,0.22836190462112427,1,0.25158068537712097,0.25608423352241516,0.2753095030784607,0.2504209876060486,2
5100401062.avi,3,0.21813736855983734,0.2322048544883728,0.23681245744228363,0.21312233805656433,2,0.2095947414636612,0.26407909393310547,0.2437228262424469,0.22024379670619965,1,0.21845683455467224,0.24607625603675842,0.22476902604103088,0.1999463140964508,1
5000672048.avi,2,0.19486530125141144,0.22276857495307922,0.2189265787601471,0.19991855323314667,1,0.2002354860305786,0.2512931823730469,0.24479477107524872,0.20288532972335815,1,0.18907156586647034,0.22762709856033325,0.21680960059165955,0.19847390055656433,1
5000671070.avi,1,0.20469322800636292,0.22985221445560455,0.22448207437992096,0.20511183142662048,1,0.1979292631149292,0.25233912467956543,0.2469007670879364,0.2042643427848816,1,0.19046999514102936,0.23499290645122528,0.2193584144115448,0.19203051924705505,1
8264120156.avi,1,0.25632739067077637,0.2604060173034668,0.23740051686763763,0.23044337332248688,1,0.238676518201828,0.26865723729133606,0.24517668783664703,0.24128609895706177,1,0.24707749485969543,0.2672051191329956,0.24873873591423035,0.22104553878307343,1
907001950.mp4,1,0.2656285762786865,0.26496821641921997,0.2776467800140381,0.25773918628692627,2,0.2691861689090729,0.2887996435165405,0.29016900062561035,0.24845805764198303,2,0.24995826184749603,0.27780139446258545,0.2693555951118469,0.260662317276001,1
88265402690.mp4,3,0.25859418511390686,0.2577502131462097,0.27006715536117554,0.256938099861145,2,0.23624417185783386,0.27320051193237305,0.28805238008499146,0.26124051213264465,2,0.24537909030914307,0.2648410201072693,0.2628103196620941,0.2558441162109375,1
5100401043.avi,1,0.20506662130355835,0.2233944833278656,0.22725866734981537,0.20418787002563477,2,0.2070521116256714,0.26318955421447754,0.2448321282863617,0.21274064481258392,1,0.2173418253660202,0.236857607960701,0.22316931188106537,0.20369529724121094,1
998826011.avi,3,0.19088217616081238,0.20075325667858124,0.22824668884277344,0.2193583995103836,2,0.21872484683990479,0.2710656523704529,0.26606956124305725,0.23156271874904633,1,0.21532198786735535,0.21741382777690887,0.25879448652267456,0.2644619941711426,3
5100461038.avi,2,0.16326117515563965,0.19388940930366516,0.19589635729789734,0.18772730231285095,2,0.15496718883514404,0.19180119037628174,0.20384663343429565,0.17273364961147308,2,0.16878217458724976,0.21633923053741455,0.22101010382175446,0.1753172129392624,2
5100092061.avi,3,0.21921522915363312,0.226706400513649,0.25170406699180603,0.23112516105175018,2,0.2119331806898117,0.24051052331924438,0.24514690041542053,0.22370308637619019,2,0.21681097149848938,0.2657437324523926,0.2579178512096405,0.24028390645980835,1
5100421026.avi,3,0.1979624330997467,0.22261342406272888,0.2377249300479889,0.2210361808538437,2,0.17713910341262817,0.23375369608402252,0.24459999799728394,0.21832917630672455,2,0.19025979936122894,0.23363244533538818,0.23233698308467865,0.2007480263710022,1
8264120132.avi,2,0.2363378405570984,0.25340843200683594,0.2503642439842224,0.23544929921627045,1,0.21899127960205078,0.24492916464805603,0.24692405760288239,0.2278698831796646,2,0.22732898592948914,0.2406514585018158,0.25009846687316895,0.2059587836265564,2
5100341033.avi,2,0.19014790654182434,0.19124773144721985,0.23771558701992035,0.1886284053325653,2,0.19984208047389984,0.23934495449066162,0.2187843918800354,0.18668201565742493,1,0.2228623479604721,0.2273118495941162,0.252960741519928,0.19653746485710144,2
88265401740.mp4,3,0.24899373948574066,0.2474883496761322,0.2447630763053894,0.23279446363449097,0,0.24520336091518402,0.2741400897502899,0.2652285099029541,0.22934909164905548,1,0.2415877729654312,0.24601736664772034,0.2492625117301941,0.23119699954986572,2
88265401750.mp4,1,0.25215238332748413,0.24933359026908875,0.2562396824359894,0.24316805601119995,2,0.24733418226242065,0.27855050563812256,0.2849135994911194,0.2362954020500183,2,0.22557218372821808,0.2516927421092987,0.24236294627189636,0.25580769777297974,3
5100472005.avi,2,0.214253768324852,0.21236948668956757,0.23451636731624603,0.19911299645900726,2,0.22022633254528046,0.25019222497940063,0.24097862839698792,0.20307108759880066,1,0.21207213401794434,0.2320033460855484,0.2360769659280777,0.2084512710571289,2
88265401190.mp4,3,0.2740464210510254,0.2848352789878845,0.2876392602920532,0.27508610486984253,2,0.24437840282917023,0.3079228103160858,0.2961590886116028,0.2639049291610718,1,0.2531808018684387,0.2903417944908142,0.27753254771232605,0.2590906023979187,1
8264120229.avi,2,0.20875653624534607,0.22727066278457642,0.23384955525398254,0.20701441168785095,2,0.19734245538711548,0.23637156188488007,0.22509494423866272,0.20440807938575745,1,0.21044427156448364,0.24268797039985657,0.24150380492210388,0.2042039930820465,1
5100342022.avi,0,0.26251983642578125,0.24843482673168182,0.27286967635154724,0.2621443569660187,2,0.27530553936958313,0.27366432547569275,0.29690492153167725,0.2756362557411194,2,0.2767309546470642,0.26690128445625305,0.3004854619503021,0.27807027101516724,2
5000671065.avi,2,0.1917271465063095,0.221848726272583,0.22133958339691162,0.1975182145833969,1,0.20794497430324554,0.2558351159095764,0.24611152708530426,0.19419190287590027,1,0.20406441390514374,0.22547303140163422,0.24117760360240936,0.20317527651786804,2
5100471047.avi,3,0.2298065721988678,0.21545985341072083,0.25067830085754395,0.2097657024860382,2,0.2161167860031128,0.25326162576675415,0.2454473376274109,0.20045901834964752,1,0.2112177461385727,0.2320503294467926,0.23180946707725525,0.2097797840833664,1
5000951015.avi,3,0.20899751782417297,0.2230011522769928,0.24202606081962585,0.2102944254875183,2,0.23779045045375824,0.2610131502151489,0.23922620713710785,0.21671898663043976,1,0.2496960312128067,0.23946040868759155,0.25855591893196106,0.20798292756080627,2
5000441009.avi,3,0.20529475808143616,0.23363208770751953,0.23834022879600525,0.22277873754501343,2,0.2009764462709427,0.2509321868419647,0.2506084740161896,0.20640748739242554,1,0.22166943550109863,0.238235205411911,0.2414558082818985,0.2195427417755127,2
8264120150.avi,1,0.22949284315109253,0.24365302920341492,0.24459682404994965,0.22852277755737305,2,0.23393896222114563,0.2676123082637787,0.24916870892047882,0.23514948785305023,1,0.23755790293216705,0.26009032130241394,0.25687095522880554,0.2118678092956543,1
9403280138.avi,2,0.20519916713237762,0.2103857547044754,0.2299148142337799,0.23113533854484558,3,0.20530667901039124,0.25113439559936523,0.2525205612182617,0.22879979014396667,2,0.22253787517547607,0.20810922980308533,0.25183120369911194,0.2341936230659485,2
5000952064.avi,3,0.16900621354579926,0.18751473724842072,0.21066655218601227,0.17682196199893951,2,0.1883590966463089,0.23756974935531616,0.2171783298254013,0.1752845197916031,1,0.19692233204841614,0.20680129528045654,0.21865688264369965,0.18543469905853271,2
5000441046.avi,3,0.20161837339401245,0.23256343603134155,0.22978290915489197,0.216343492269516,1,0.19656336307525635,0.2379072904586792,0.24036218225955963,0.20230141282081604,2,0.2198902666568756,0.2355092465877533,0.2424323856830597,0.22144348919391632,2
5100402062.avi,1,0.21655723452568054,0.22909663617610931,0.2341551035642624,0.2143106907606125,2,0.21678131818771362,0.2747544050216675,0.251298725605011,0.22568535804748535,1,0.22807082533836365,0.2422623187303543,0.2291233390569687,0.20624278485774994,1
8264120243.avi,1,0.24740883708000183,0.2486312985420227,0.2144826054573059,0.2161247730255127,1,0.23015107214450836,0.25064367055892944,0.22169074416160583,0.2211136817932129,1,0.25057297945022583,0.25095951557159424,0.23598814010620117,0.20416995882987976,1
5100341038.avi,2,0.20476162433624268,0.20631176233291626,0.24375228583812714,0.20064444839954376,2,0.19188375771045685,0.2410927563905716,0.22535547614097595,0.18976415693759918,1,0.21627894043922424,0.2352866232395172,0.24385005235671997,0.18875673413276672,2
5100341043.avi,1,0.20248118042945862,0.20474570989608765,0.24451395869255066,0.19984744489192963,2,0.18590307235717773,0.23413324356079102,0.22586488723754883,0.18838214874267578,1,0.21283893287181854,0.23319236934185028,0.24390649795532227,0.1953103393316269,2
5100472027.avi,3,0.21387527883052826,0.20971935987472534,0.2404830902814865,0.20290279388427734,2,0.19326980412006378,0.2388160675764084,0.23179075121879578,0.19654029607772827,1,0.18512773513793945,0.2331356406211853,0.21008867025375366,0.18985119462013245,1
5100381058.avi,2,0.22611957788467407,0.24799558520317078,0.23164713382720947,0.21898920834064484,1,0.22100242972373962,0.25012266635894775,0.23421557247638702,0.22697943449020386,1,0.240558922290802,0.2626115381717682,0.24594132602214813,0.20841047167778015,1
987736017.avi,2,0.25140970945358276,0.2621961236000061,0.2656368911266327,0.2536740303039551,2,0.20735344290733337,0.2661409080028534,0.2541770935058594,0.23377016186714172,1,0.2570517063140869,0.2671085298061371,0.27471625804901123,0.23451334238052368,2
5000671061.avi,1,0.2064870297908783,0.22729907929897308,0.22735634446144104,0.2072949856519699,2,0.21978411078453064,0.2642490863800049,0.25606799125671387,0.21305552124977112,1,0.20863857865333557,0.24125096201896667,0.2385924756526947,0.20833542943000793,1
5000671010.avi,3,0.1985032856464386,0.22380703687667847,0.2276855856180191,0.2097385674715042,2,0.21161705255508423,0.25751596689224243,0.2517182230949402,0.2030986249446869,1,0.2119021713733673,0.23303639888763428,0.24384067952632904,0.20191353559494019,2
5100381008.avi,2,0.2314864695072174,0.2579415738582611,0.2409682422876358,0.2259387969970703,1,0.20494170486927032,0.2395866960287094,0.23171958327293396,0.2239256203174591,1,0.23040184378623962,0.2652851343154907,0.24147653579711914,0.20636239647865295,1
9877360147.avi,3,0.23879127204418182,0.24706342816352844,0.25563275814056396,0.23583370447158813,2,0.22125516831874847,0.2747092545032501,0.2574853003025055,0.22837135195732117,1,0.24701987206935883,0.2513520419597626,0.2717820405960083,0.2470933198928833,2
5000952054.avi,2,0.17214100062847137,0.18999704718589783,0.2103257179260254,0.1756189912557602,2,0.19788073003292084,0.23993520438671112,0.21477659046649933,0.17619848251342773,1,0.20339971780776978,0.20986789464950562,0.2224220633506775,0.18536967039108276,2
5000952034.avi,1,0.19106698036193848,0.21214810013771057,0.2295445054769516,0.19839268922805786,2,0.213015615940094,0.2577309012413025,0.23682458698749542,0.20315948128700256,1,0.20773424208164215,0.22600477933883667,0.22701171040534973,0.19437995553016663,2
88265402660.mp4,3,0.26756060123443604,0.2769674062728882,0.2755777835845947,0.2637711763381958,1,0.23971790075302124,0.28745394945144653,0.2962132692337036,0.252835750579834,2,0.24691647291183472,0.27421003580093384,0.26888954639434814,0.2577398419380188,1
5100401011.avi,2,0.2212228775024414,0.232485830783844,0.24166980385780334,0.21966159343719482,2,0.2014717012643814,0.26355183124542236,0.24606439471244812,0.22507092356681824,1,0.22093717753887177,0.2497272938489914,0.22671952843666077,0.20174367725849152,1
8264120282.avi,1,0.21803352236747742,0.23313212394714355,0.2361747920513153,0.2182227075099945,2,0.22311490774154663,0.2548680901527405,0.24269133806228638,0.23036441206932068,1,0.2256747931241989,0.25429511070251465,0.2605908513069153,0.2282441407442093,2
5100462003.avi,1,0.16033326089382172,0.1874336153268814,0.1931094378232956,0.18340598046779633,2,0.16360870003700256,0.20104502141475677,0.2039889693260193,0.173909991979599,2,0.17894446849822998,0.2243790626525879,0.2319822907447815,0.18468719720840454,2
5100451004.avi,3,0.25245335698127747,0.24218329787254333,0.26956701278686523,0.24564814567565918,2,0.20431475341320038,0.246557354927063,0.25180938839912415,0.21890318393707275,2,0.21705791354179382,0.2698606252670288,0.2574979364871979,0.2155665010213852,1
5000672052.avi,3,0.200473815202713,0.22851382195949554,0.22263209521770477,0.20367924869060516,1,0.2075541615486145,0.25221705436706543,0.2465249001979828,0.2087981253862381,1,0.20121395587921143,0.23084336519241333,0.2325047254562378,0.21003051102161407,2
5100472054.avi,2,0.2276797890663147,0.21932245790958405,0.25707823038101196,0.21706658601760864,2,0.19735842943191528,0.24800042808055878,0.245907723903656,0.20985953509807587,1,0.20840515196323395,0.2453814148902893,0.24021397531032562,0.2116953730583191,1
5000671047.avi,2,0.1982860118150711,0.22228361666202545,0.22091615200042725,0.20003598928451538,1,0.21805767714977264,0.26574400067329407,0.24910345673561096,0.21284791827201843,1,0.21802283823490143,0.2327193319797516,0.2396172434091568,0.2122674286365509,2
88265401490.mp4,3,0.2690331041812897,0.26386964321136475,0.2658400535583496,0.25778400897979736,0,0.25647708773612976,0.2901991307735443,0.2903584837913513,0.25286445021629333,2,0.251598060131073,0.2617558538913727,0.2662627696990967,0.2533724308013916,2
8264120116.avi,1,0.24869610369205475,0.2635883688926697,0.26177626848220825,0.2220437079668045,1,0.2781451344490051,0.28142011165618896,0.2581711411476135,0.23271748423576355,1,0.2612001895904541,0.2510778307914734,0.2772325575351715,0.23919819295406342,2
8264120256.avi,1,0.20641212165355682,0.2183000147342682,0.23183459043502808,0.2097703069448471,2,0.20801331102848053,0.24526548385620117,0.22642669081687927,0.2077004611492157,1,0.21838459372520447,0.23092539608478546,0.23952330648899078,0.20839646458625793,2
5100342028.avi,1,0.2286575883626938,0.20955993235111237,0.22676068544387817,0.22111400961875916,0,0.25987207889556885,0.2696385085582733,0.24719887971878052,0.24208465218544006,1,0.2752809524536133,0.2599664032459259,0.2903054356575012,0.23084259033203125,2
5100092002.avi,3,0.2138446718454361,0.20997723937034607,0.2432573437690735,0.22736723721027374,2,0.19181133806705475,0.22276274859905243,0.24114951491355896,0.20693060755729675,2,0.2113402783870697,0.25907689332962036,0.25751805305480957,0.240711972117424,1
88265401260.mp4,3,0.26266729831695557,0.28538060188293457,0.2819975018501282,0.2713630199432373,1,0.23638100922107697,0.30309081077575684,0.2993462383747101,0.2645355463027954,1,0.23845472931861877,0.2732582688331604,0.2673235535621643,0.26707980036735535,1
9877360256.avi,1,0.26455599069595337,0.2824307382106781,0.2737613916397095,0.2553957998752594,1,0.23335132002830505,0.2962896227836609,0.2635793089866638,0.24421942234039307,1,0.25899451971054077,0.2712606191635132,0.28152939677238464,0.2529256045818329,2
9403280245.avi,3,0.1729453057050705,0.17955531179904938,0.20882083475589752,0.19860178232192993,2,0.19872382283210754,0.22821180522441864,0.2280733287334442,0.20807132124900818,1,0.20143765211105347,0.18701082468032837,0.23724856972694397,0.21911394596099854,2
5100401016.avi,2,0.21979665756225586,0.23374180495738983,0.24080532789230347,0.21740084886550903,2,0.2078837752342224,0.26941636204719543,0.2511606216430664,0.22829213738441467,1,0.2197297364473343,0.2523273229598999,0.22746852040290833,0.20786207914352417,1
5000951019.avi,1,0.20493042469024658,0.223114013671875,0.23304590582847595,0.20604407787322998,2,0.22232335805892944,0.24407020211219788,0.23130562901496887,0.20600274205207825,1,0.22894662618637085,0.22883403301239014,0.24008353054523468,0.19563725590705872,2
5100342023.avi,1,0.2669849395751953,0.2495092898607254,0.2733228802680969,0.26263272762298584,2,0.2761628031730652,0.27699947357177734,0.3031601905822754,0.27784794569015503,2,0.2794020175933838,0.26438596844673157,0.3014903664588928,0.28388214111328125,2
5000671022.avi,2,0.21516141295433044,0.23123416304588318,0.23433531820774078,0.21999084949493408,2,0.1982569694519043,0.2489965856075287,0.2478157877922058,0.21683457493782043,1,0.19768457114696503,0.24962912499904633,0.22487185895442963,0.2016139030456543,1
5000671063.avi,2,0.19027060270309448,0.21952418982982635,0.21123376488685608,0.19158630073070526,1,0.21249991655349731,0.2568407654762268,0.24012717604637146,0.1999017298221588,1,0.21068501472473145,0.22341462969779968,0.2373807430267334,0.20638561248779297,2
5100381021.avi,2,0.2345617413520813,0.2522936463356018,0.23624785244464874,0.22363024950027466,1,0.21435225009918213,0.24721956253051758,0.23512454330921173,0.22725749015808105,1,0.23360484838485718,0.2691609263420105,0.24070888757705688,0.20373371243476868,1
5000671069.avi,1,0.19620954990386963,0.2221565544605255,0.21428793668746948,0.19371578097343445,1,0.2036997675895691,0.25397294759750366,0.2424721121788025,0.19793614745140076,1,0.19468779861927032,0.2257557064294815,0.22272232174873352,0.19471490383148193,1
5100422034.avi,2,0.1946931779384613,0.22050663828849792,0.233207106590271,0.21390856802463531,2,0.1810360848903656,0.23500783741474152,0.24097993969917297,0.2151796817779541,2,0.19318217039108276,0.23334826529026031,0.23348891735076904,0.19900310039520264,2
5100381023.avi,3,0.2394753396511078,0.25822150707244873,0.24038469791412354,0.22853681445121765,1,0.2131117284297943,0.24983035027980804,0.23582172393798828,0.23374465107917786,1,0.23578837513923645,0.27280136942863464,0.24005192518234253,0.2037154734134674,1
5100091028.avi,2,0.2076711356639862,0.20110447704792023,0.24228541553020477,0.21429672837257385,2,0.199904665350914,0.2431005984544754,0.2242889404296875,0.20788630843162537,1,0.228225439786911,0.25653982162475586,0.26921406388282776,0.2252236157655716,2
5000441059.avi,2,0.20241490006446838,0.22979837656021118,0.2369946539402008,0.21846316754817963,2,0.20532017946243286,0.2485864758491516,0.2414039522409439,0.20457659661769867,1,0.21885742247104645,0.23857414722442627,0.24098001420497894,0.217615008354187,2
5100402023.avi,3,0.22675259411334991,0.24072295427322388,0.2439563274383545,0.22669939696788788,2,0.21833719313144684,0.26959964632987976,0.2525363266468048,0.228387713432312,1,0.2339014858007431,0.24877670407295227,0.24149292707443237,0.21383626759052277,1
5000441048.avi,2,0.2159368395805359,0.2434917390346527,0.24955235421657562,0.23544803261756897,2,0.21857139468193054,0.25985187292099,0.255492627620697,0.2256714254617691,1,0.24370543658733368,0.2531290650367737,0.26253142952919006,0.24008509516716003,2
5100461031.avi,2,0.16488321125507355,0.1943417489528656,0.20265677571296692,0.18906927108764648,2,0.15223869681358337,0.20365819334983826,0.2087726593017578,0.17801155149936676,2,0.17901426553726196,0.21926669776439667,0.23340080678462982,0.18330226838588715,2
9403280145.avi,2,0.1933457851409912,0.19793199002742767,0.22211231291294098,0.21580776572227478,2,0.21747618913650513,0.250868558883667,0.24022050201892853,0.22144049406051636,1,0.21741221845149994,0.2056073695421219,0.2493319809436798,0.22815653681755066,2
5100381034.avi,3,0.2404562383890152,0.25854650139808655,0.2408561110496521,0.23073023557662964,1,0.20909123122692108,0.24960783123970032,0.23291179537773132,0.22730779647827148,1,0.23661722242832184,0.27274957299232483,0.24342550337314606,0.20153163373470306,1
5100341074.avi,1,0.20340250432491302,0.21094472706317902,0.24277783930301666,0.20094171166419983,2,0.1884181797504425,0.24499037861824036,0.22978246212005615,0.19389301538467407,1,0.2031308263540268,0.22940386831760406,0.2340872883796692,0.18932121992111206,2
5100472058.avi,1,0.21838559210300446,0.21218076348304749,0.245614692568779,0.20588727295398712,2,0.1954214870929718,0.2400251179933548,0.2366172969341278,0.19984158873558044,1,0.198159322142601,0.23300503194332123,0.22755783796310425,0.19790726900100708,1
5000441064.avi,2,0.19903945922851562,0.2255719006061554,0.23353473842144012,0.21734945476055145,2,0.19513297080993652,0.24488027393817902,0.23820644617080688,0.20184208452701569,1,0.21832185983657837,0.23694944381713867,0.2382257580757141,0.21429769694805145,2
5100382014.avi,3,0.22551476955413818,0.25028935074806213,0.23644377291202545,0.22165779769420624,1,0.20173566043376923,0.2427406758069992,0.2345089614391327,0.22388482093811035,1,0.22074076533317566,0.26571938395500183,0.22966007888317108,0.19938012957572937,1
9289010266.avi,3,0.2043975591659546,0.22354844212532043,0.22439967095851898,0.22300472855567932,2,0.21391767263412476,0.25089600682258606,0.26974350214004517,0.21172398328781128,2,0.20758971571922302,0.21416416764259338,0.24917230010032654,0.25075551867485046,3
5000441008.avi,2,0.20407745242118835,0.23018458485603333,0.23681452870368958,0.22196567058563232,2,0.19710242748260498,0.24518334865570068,0.24548844993114471,0.2058936357498169,2,0.21757283806800842,0.23580220341682434,0.2396789789199829,0.22061029076576233,2
9289010262.avi,3,0.20359916985034943,0.2179168462753296,0.21908079087734222,0.21979695558547974,3,0.22292229533195496,0.26106327772140503,0.2718183398246765,0.21578282117843628,2,0.21847763657569885,0.22078406810760498,0.26267093420028687,0.262866348028183,3
8264120265.avi,1,0.21219997107982635,0.2304278016090393,0.23443862795829773,0.20506221055984497,2,0.22359026968479156,0.25565066933631897,0.23107656836509705,0.21591226756572723,1,0.22630684077739716,0.23681673407554626,0.24608869850635529,0.21899276971817017,2
5100421054.avi,2,0.1719900518655777,0.20085179805755615,0.21166831254959106,0.1829148828983307,2,0.1968524307012558,0.20900721848011017,0.22023198008537292,0.1985664814710617,2,0.1830386370420456,0.19711965322494507,0.22456325590610504,0.1848120391368866,2
5000672075.avi,3,0.2119147926568985,0.22766658663749695,0.2415410578250885,0.22180181741714478,2,0.2071809470653534,0.2660478353500366,0.2606399655342102,0.23115003108978271,1,0.2055453658103943,0.24627050757408142,0.23529478907585144,0.21356481313705444,1
5100461033.avi,2,0.1615382730960846,0.1915781944990158,0.19376584887504578,0.1852131336927414,2,0.15730081498622894,0.19466981291770935,0.20690639317035675,0.17190280556678772,2,0.170800119638443,0.21640533208847046,0.2232484221458435,0.17866946756839752,2
5100461004.avi,2,0.1612100750207901,0.19242574274539948,0.20306415855884552,0.19027145206928253,2,0.1521676629781723,0.19618380069732666,0.20466604828834534,0.17407041788101196,2,0.17624680697917938,0.22193437814712524,0.2282714694738388,0.18027722835540771,2
5100382062.avi,3,0.2197190225124359,0.24687570333480835,0.24245330691337585,0.22536486387252808,1,0.2031124383211136,0.23540465533733368,0.2360657900571823,0.2202906608581543,2,0.2337733507156372,0.25623488426208496,0.24595388770103455,0.21904250979423523,1
5000442009.avi,3,0.19421903789043427,0.2285432368516922,0.22248178720474243,0.20600160956382751,1,0.2030937522649765,0.24319222569465637,0.241141676902771,0.19868303835391998,1,0.21673765778541565,0.23309797048568726,0.23165598511695862,0.21223556995391846,1
9403280217.avi,2,0.2165513038635254,0.2159803807735443,0.23826463520526886,0.23485368490219116,2,0.21530333161354065,0.26544415950775146,0.25603431463241577,0.2379654049873352,1,0.22120732069015503,0.22077760100364685,0.2529541552066803,0.22320656478405,2
5000951023.avi,1,0.20961877703666687,0.21868743002414703,0.24574466049671173,0.21102353930473328,2,0.22866126894950867,0.25081586837768555,0.23960570991039276,0.21539095044136047,1,0.22968924045562744,0.2359265238046646,0.24237723648548126,0.1920921504497528,2
5100352022.avi,1,0.22965843975543976,0.2188442051410675,0.2544996440410614,0.2340717762708664,2,0.19333888590335846,0.24877293407917023,0.23456856608390808,0.21551957726478577,1,0.209665447473526,0.253680557012558,0.24509799480438232,0.19204983115196228,1
8264120117.avi,3,0.24403105676174164,0.25450319051742554,0.2675964832305908,0.22589021921157837,2,0.2629140019416809,0.27910318970680237,0.2612432837486267,0.23670946061611176,1,0.2605619728565216,0.2530168890953064,0.2781135141849518,0.23732741177082062,2
5100351001.avi,1,0.21225407719612122,0.22131852805614471,0.23794278502464294,0.2189827561378479,2,0.18681305646896362,0.24311092495918274,0.22310367226600647,0.22202573716640472,1,0.20500674843788147,0.2484753429889679,0.2453213483095169,0.20011217892169952,1
5100352054.avi,1,0.1982271373271942,0.1915116310119629,0.2232191562652588,0.19728361070156097,2,0.19583773612976074,0.2415216714143753,0.21678894758224487,0.20024491846561432,1,0.21712461113929749,0.2314327359199524,0.254493772983551,0.1980903446674347,2
9877360133.avi,0,0.27364856004714966,0.27821627259254456,0.2688864469528198,0.26454779505729675,1,0.230631023645401,0.29881563782691956,0.2664867341518402,0.2513887584209442,1,0.26765310764312744,0.2775205969810486,0.2828260660171509,0.2549802362918854,2
5100451017.avi,2,0.24251797795295715,0.2339484691619873,0.264646977186203,0.23858460783958435,2,0.20538505911827087,0.2471824288368225,0.24751755595207214,0.2102593183517456,2,0.21987104415893555,0.2628825306892395,0.2568669021129608,0.2184828817844391,1
987736022.avi,2,0.2731758952140808,0.29093870520591736,0.2667337954044342,0.25782132148742676,1,0.23154409229755402,0.29901131987571716,0.26239317655563354,0.2520703673362732,1,0.2681032121181488,0.27131444215774536,0.28198617696762085,0.2559794783592224,2
5000671049.avi,1,0.20399531722068787,0.22775667905807495,0.22521793842315674,0.204184427857399,1,0.2160392701625824,0.26774993538856506,0.25443440675735474,0.21522179245948792,1,0.20854531228542328,0.2347715049982071,0.22839951515197754,0.20443865656852722,1
5000951045.avi,2,0.18927109241485596,0.2145908921957016,0.22771771252155304,0.19763964414596558,2,0.1958775818347931,0.2443469613790512,0.22349786758422852,0.1936010867357254,1,0.19667768478393555,0.22083976864814758,0.22357133030891418,0.1853635162115097,2
5100351013.avi,1,0.19563691318035126,0.19286379218101501,0.22729787230491638,0.20612670481204987,2,0.20076227188110352,0.2466088980436325,0.21579819917678833,0.20488205552101135,1,0.22252608835697174,0.2385067343711853,0.25760626792907715,0.2004166841506958,2
5100462048.avi,2,0.16726970672607422,0.18916454911231995,0.1961212307214737,0.18666087090969086,2,0.16029396653175354,0.21214038133621216,0.21197690069675446,0.1756761372089386,1,0.17587614059448242,0.21368592977523804,0.22533488273620605,0.18017460405826569,2
9289010271.avi,2,0.1980595737695694,0.21259036660194397,0.21570813655853271,0.21472378075122833,2,0.21630915999412537,0.25749170780181885,0.2693946361541748,0.20995785295963287,2,0.21472139656543732,0.21462619304656982,0.25511202216148376,0.2577720284461975,3
8264120249.avi,1,0.21923494338989258,0.22051990032196045,0.22946427762508392,0.2097703069448471,2,0.23933149874210358,0.25264379382133484,0.24364283680915833,0.23799078166484833,1,0.2474094182252884,0.24044784903526306,0.26049137115478516,0.22194692492485046,2
5100422004.avi,3,0.18915151059627533,0.2150806039571762,0.22921927273273468,0.20821058750152588,2,0.17620837688446045,0.2271188199520111,0.2402162253856659,0.21600529551506042,2,0.19091878831386566,0.22148726880550385,0.2349010705947876,0.2059890776872635,2
5100452067.avi,3,0.21480843424797058,0.21196243166923523,0.24999293684959412,0.218959778547287,2,0.19313451647758484,0.23467104136943817,0.2335338443517685,0.19946034252643585,1,0.21059361100196838,0.24281713366508484,0.2582261860370636,0.22168777883052826,2
88265401240.mp4,3,0.2528885006904602,0.26540660858154297,0.2686500549316406,0.2571498155593872,2,0.23288995027542114,0.29399752616882324,0.2894515097141266,0.25471699237823486,1,0.2441301941871643,0.2656734883785248,0.2630294859409332,0.26114383339881897,1
5100381055.avi,2,0.2388693243265152,0.25815337896347046,0.24301756918430328,0.23226994276046753,1,0.2207990288734436,0.2604844868183136,0.24414807558059692,0.23770259320735931,1,0.24263478815555573,0.27782613039016724,0.24648115038871765,0.20955264568328857,1
5100401066.avi,3,0.20652452111244202,0.21979370713233948,0.22921329736709595,0.20546501874923706,2,0.21392890810966492,0.2659604847431183,0.2401827871799469,0.2171604037284851,1,0.23084726929664612,0.24325281381607056,0.2364112138748169,0.21485093235969543,1
5000671002.avi,2,0.19334760308265686,0.2192743420600891,0.22034741938114166,0.20022548735141754,2,0.1900222897529602,0.24430032074451447,0.24015919864177704,0.19460973143577576,1,0.18730732798576355,0.22554725408554077,0.21811385452747345,0.18514221906661987,1
5100461005.avi,2,0.165851891040802,0.19494186341762543,0.200912207365036,0.189047709107399,2,0.15929123759269714,0.20109125971794128,0.21006792783737183,0.17998266220092773,2,0.18047411739826202,0.2205972969532013,0.22954446077346802,0.18582716584205627,2
5100382070.avi,3,0.23146332800388336,0.2511897683143616,0.24436518549919128,0.22607514262199402,1,0.21169432997703552,0.24315820634365082,0.24013857543468475,0.22660815715789795,1,0.22963690757751465,0.26381105184555054,0.23486186563968658,0.20648661255836487,1
5100092011.avi,2,0.2117518186569214,0.21189405024051666,0.24748897552490234,0.22789797186851501,2,0.2150091677904129,0.23873504996299744,0.247153177857399,0.22974732518196106,2,0.24124638736248016,0.26786744594573975,0.2844305634498596,0.2667900621891022,2
928901013.avi,3,0.2574242949485779,0.26578956842422485,0.2675167918205261,0.26777955889701843,3,0.25809192657470703,0.30121541023254395,0.3138035833835602,0.25309574604034424,2,0.23244884610176086,0.24333705008029938,0.27416956424713135,0.2834359109401703,3
9877360183.avi,3,0.2268400490283966,0.24612142145633698,0.24214734137058258,0.24462275207042694,1,0.2052464634180069,0.26447823643684387,0.2562915086746216,0.22799474000930786,1,0.24308881163597107,0.261041522026062,0.26620957255363464,0.248446524143219,2
5100352060.avi,2,0.21071013808250427,0.20080214738845825,0.23560012876987457,0.21291953325271606,2,0.1966814547777176,0.246824249625206,0.22934558987617493,0.20749790966510773,1,0.21601852774620056,0.24296461045742035,0.2528357207775116,0.20744642615318298,2
9877360169.avi,1,0.26662477850914,0.26994234323501587,0.2735428512096405,0.2560751140117645,2,0.22185596823692322,0.2836786210536957,0.2627256512641907,0.23537877202033997,1,0.2558446228504181,0.26950716972351074,0.27535775303840637,0.2456260323524475,2
9877360152.avi,3,0.2598201036453247,0.265013724565506,0.2605173885822296,0.24618658423423767,1,0.23462586104869843,0.29464319348335266,0.2684743404388428,0.23927970230579376,1,0.25983864068984985,0.2619174122810364,0.2781667709350586,0.2562921643257141,2
5100452031.avi,3,0.22800429165363312,0.22907300293445587,0.25637155771255493,0.23046822845935822,2,0.196644589304924,0.23882877826690674,0.24457386136054993,0.20733723044395447,2,0.21123959124088287,0.25402116775512695,0.2613152265548706,0.2208200842142105,2
8264120262.avi,1,0.23288393020629883,0.23605412244796753,0.2329128086566925,0.2125830501317978,1,0.24600760638713837,0.24327954649925232,0.2506621479988098,0.2172294557094574,2,0.23139075934886932,0.2426164150238037,0.248192697763443,0.22534801065921783,2
8264120261.avi,1,0.24024835228919983,0.2442600429058075,0.24330948293209076,0.21899542212486267,1,0.2549673914909363,0.26957160234451294,0.2591482400894165,0.2277120053768158,1,0.24421733617782593,0.25518184900283813,0.26090899109840393,0.22767049074172974,2
5100341055.avi,3,0.19889315962791443,0.20234796404838562,0.24045678973197937,0.1928144246339798,2,0.19454467296600342,0.24577714502811432,0.22880703210830688,0.18747995793819427,1,0.2147495299577713,0.23010270297527313,0.24362990260124207,0.1938897967338562,2
5100352043.avi,1,0.2329501211643219,0.21698416769504547,0.2510284185409546,0.22623410820960999,2,0.19935479760169983,0.254921555519104,0.23917558789253235,0.21655023097991943,1,0.21146102249622345,0.25451090931892395,0.2474663406610489,0.19539238512516022,1
9877360141.avi,3,0.24937236309051514,0.25845977663993835,0.259723424911499,0.24148285388946533,2,0.2204548418521881,0.27081379294395447,0.25077807903289795,0.22691908478736877,1,0.25157496333122253,0.2588352560997009,0.27485892176628113,0.24539490044116974,2
